                  epoch,         train/box_loss,         train/cls_loss,         train/dfl_loss,   metrics/precision(B),      metrics/recall(B),       metrics/mAP50(B),    metrics/mAP50-95(B),           val/box_loss,           val/cls_loss,           val/dfl_loss,                 lr/pg0,                 lr/pg1,                 lr/pg2
                      1,                 1.0341,                 2.8527,                 1.1873,                0.00275,                      1,                 0.2045,                0.16411,                0.86654,                 3.6602,                 1.0014,                0.00034,                0.00034,                0.00034
                      2,                0.94412,                 1.8401,                  1.069,                      1,                0.19491,                 0.6779,                0.52979,                0.83096,                 3.4424,                   0.94,              0.0005614,              0.0005614,              0.0005614
                      3,                 1.0168,                 1.6522,                 1.0609,                      1,                0.11787,                0.61568,                0.49804,                0.86497,                  3.467,                0.97732,             0.00064024,             0.00064024,             0.00064024
                      4,                 0.9344,                 1.5169,                 1.0292,                      1,                 0.2154,                0.76216,                0.60728,                0.80855,                 3.1843,                0.96813,             0.00057652,             0.00057652,             0.00057652
                      5,                0.88971,                 1.4017,                 1.0223,                0.99785,                0.73729,                0.85766,                 0.6824,                0.82086,                 2.8525,                0.99136,             0.00037024,             0.00037024,             0.00037024
