                  epoch,         train/box_loss,         train/cls_loss,         train/dfl_loss,   metrics/precision(B),      metrics/recall(B),       metrics/mAP50(B),    metrics/mAP50-95(B),           val/box_loss,           val/cls_loss,           val/dfl_loss,                 lr/pg0,                 lr/pg1,                 lr/pg2
                      1,                 1.0341,                 2.8527,                 1.1873,                0.00275,                      1,                 0.2045,                0.16411,                0.86654,                 3.6602,                 1.0014,                0.00034,                0.00034,                0.00034
                      2,                0.95705,                 1.8393,                 1.0712,                      1,                0.27001,                0.60907,                0.44413,                0.95132,                 3.4747,                0.98608,             0.00069307,             0.00069307,             0.00069307
                      3,                 1.0972,                 1.7168,                 1.1009,                      1,                0.13922,                0.66761,                0.51703,                0.91604,                 3.5285,                 1.0093,               0.001039,               0.001039,               0.001039
                      4,                 1.0593,                 1.5865,                 1.0905,                      1,                0.42855,                0.72442,                0.56851,                0.93656,                 3.4942,                   1.07,              0.0013778,              0.0013778,              0.0013778
                      5,                0.99847,                 1.5435,                 1.0827,                      1,                0.74322,                0.92241,                0.71987,                0.88905,                 2.9389,                 1.0561,              0.0017095,              0.0017095,              0.0017095
